"","timestamp","month","sentiment","html"
"321",2015-05-18,2015-05-01,0,"hello twitter it's barack really six years in they're finally giving me my own account"
"320",2015-05-18,2015-05-01,2,"in camden today seeing first-hand how <span class=""sentiment1"">smart</span> policing is making the community safer while building <span class=""sentiment1"">trust</span> http//tco/3miwk43c8g"
"319",2015-05-18,2015-05-01,5,"<span class=""sentiment3"">good</span> question @billclinton the handle comes with the house know anyone <span class=""sentiment2"">interested</span> in @flotus"
"318",2015-05-20,2015-05-01,9,"an <span class=""sentiment2"">honor</span> to address the coast guard class of 2015 <span class=""sentiment2"">confident</span> they'll <span class=""sentiment2"">help</span> us meet <span class=""sentiment1"">big</span> challenges <span class=""sentiment2"">like</span> climate change http//tco/1z4ftea1yj"
"317",2015-05-22,2015-05-01,3,"@rebsteve really enjoyed <span class=""sentiment-1"">stopping</span> by today i had <span class=""sentiment4"">fun</span> singing shabbat shalom with the prek class downstairs too http//tco/6b8crxsgmt"
"316",2015-05-22,2015-05-01,3,"@drfahmida tell your niece i really <span class=""sentiment2"">like</span> her letter couldn't <span class=""sentiment1"">agree</span> more"
"315",2015-05-25,2015-05-01,2,"spent the morning at arlington take time today to <span class=""sentiment2"">honor</span> our <span class=""sentiment-2"">fallen</span> <span class=""sentiment2"">heroes</span> we're forever indebted to their families http//tco/hchhhovcs3"
"314",2015-05-28,2015-05-01,0,"just got a hurricane preparedness briefing in miami acting on climate change is critical got climate qs i'll answer at 1pm et #askpotus"
"313",2015-05-28,2015-05-01,0,"ready to answer your questions on climate change let's do this #askpotus http//tco/5krib5jl6s"
"312",2015-05-28,2015-05-01,0,"@calebmegajew the science is overwhelming but what will move congress will be public opinion your voices will make them open to facts"
"311",2015-05-28,2015-05-01,0,"@bigbennyfl 1/ we've shut off drilling in the most sensitive arctic areas including bristol bay"
"310",2015-05-28,2015-05-01,0,"@bigbennyfl 2/ but since we can't <span class=""sentiment-1"">prevent</span> oil <span class=""sentiment1"">exploration</span> completely in region we're setting the highest possible standards"
"309",2015-05-28,2015-05-01,-3,"@bigbennyfl 3/ already <span class=""sentiment-1"">rejected</span> shell's original proposal as <span class=""sentiment-2"">inadequate</span> which shows we're serious"
"308",2015-05-28,2015-05-01,-2,"@drock89 as @pontifex and other religious leaders have stated we have a moral obligation to the most <span class=""sentiment-2"">vulnerable</span> and the next generation"
"307",2015-05-28,2015-05-01,0,"@gkermmm 1/ tpp is still being negotiated but legislation requires the full text for 60 days before i sign"
"306",2015-05-28,2015-05-01,1,"@gkermmm 2/ after i sign <span class=""sentiment1"">agreement</span> congress will have months of debate before a vote nothing secret about it"
"305",2015-05-28,2015-05-01,2,"@nathenvieira jr smith having a <span class=""sentiment3"">great</span> season but the heart of the cavs is lebron and <span class=""sentiment-1"">no</span> one can outshoot curry - maybe korver if wide open"
"304",2015-05-28,2015-05-01,-5,"@zcarlander more <span class=""sentiment-2"">severe</span> weather events lead to displacement scarcity <span class=""sentiment-2"">stressed</span> populations all <span class=""sentiment1"">increase</span> likelihood of global <span class=""sentiment-2"">conflict</span>"
"303",2015-05-28,2015-05-01,2,"@hlf3267 in fact new trade deal with have the <span class=""sentiment2"">strongest</span> enforceable environmental provisions in history raising standards across asia"
"302",2015-05-28,2015-05-01,4," @jamesthe4tress already expanded pell <span class=""sentiment1"">grants</span> and capped student loan <span class=""sentiment1"">interest</span> rates now <span class=""sentiment1"">want</span> to make 2 yrs of community college <span class=""sentiment1"">free</span>"
"301",2015-05-28,2015-05-01,1,"@htetwint renewable energy key already <span class=""sentiment1"">increased</span> solar 10x and wind 3x now need to invest more in r&ampd and provide regulatory incentives"
"300",2015-05-28,2015-05-01,2,"@arianastover kids instinctively understand <span class=""sentiment2"">importance</span> of environment impact on animals health weave it into science and social studies"
"299",2015-05-28,2015-05-01,2,"@zcarlander <span class=""sentiment1"">agreement</span> with china <span class=""sentiment1"">big</span> and will be working w brazil to develop their plans we will all need to do more with us leading"
"298",2015-05-28,2015-05-01,5,"@apat246 @chicagobulls <span class=""sentiment3"">love</span> thibs and think he did a <span class=""sentiment3"">great</span> job <span class=""sentiment-1"">sorry</span> to see him go but expect he will be snatched up soon by another team"
"297",2015-05-28,2015-05-01,6,"<span class=""sentiment2"">thanks</span> for the questions this was <span class=""sentiment4"">fun</span> i've got to run but let’s do it again soon tell me what you're doing to #actonclimate"
"296",2015-05-28,2015-05-01,5,"rt @lizhadly @potus <span class=""sentiment3"">love</span> the #actonclimate as scientist i say global action more <span class=""sentiment2"">important</span> than science now #weknowenoughtoact"
"295",2015-05-28,2015-05-01,1,"rt @justineintampa @potus i'm 30 now but i've been <span class=""sentiment1"">promoting</span> climate change since i was in the third grade #actonclimate http//tco/d77…"
"294",2015-06-02,2015-06-01,9,"<span class=""sentiment3"">awarded</span> two medals of <span class=""sentiment2"">honor</span> today for acts of bravery a century ago we <span class=""sentiment2"">honor</span> our <span class=""sentiment2"">heroes</span> <span class=""sentiment-1"">no</span> <span class=""sentiment1"">matter</span> how long it takes http//tco/ayazteczpb"
"293",2015-06-02,2015-06-01,6,"<span class=""sentiment3"">glad</span> the senate finally passed the usa <span class=""sentiment2"">freedom</span> act it <span class=""sentiment1"">protects</span> civil liberties and our national security i'll sign it as soon as i get it"
"292",2015-06-03,2015-06-01,4,"this was a <span class=""sentiment4"">fun</span> briefing my science advisor just showed me this hubble shot of the most crowded place in our galaxy http//tco/e2seo9tumt"
"291",2015-06-12,2015-06-01,0,"i challenged them to a race http//tco/fpeutnygod"
"290",2015-06-15,2015-06-01,5,"so <span class=""sentiment2"">proud</span> of these white house mentorship grads can't wait to see all the <span class=""sentiment3"">great</span> things you achieve i believe in you http//tco/ao6k8erjhi"
"289",2015-06-16,2015-06-01,2,"<span class=""sentiment2"">congrats</span> to my hometown @nhlblackhawks on 3 titles in 6 years - we'll see you and the cup at the white house"
"288",2015-06-17,2015-06-01,6,"what a team <span class=""sentiment4"">win</span> for the warriors and an epic season for steph <span class=""sentiment3"">kudos</span> to lebron and the cavs for an <span class=""sentiment-1"">unbelievable</span> effort under adversity"
"287",2015-06-17,2015-06-01,7,"<span class=""sentiment5"">thrilled</span> to formally recognize @lorettalynch as the people's lawyer you'll have <span class=""sentiment-1"">no</span> <span class=""sentiment2"">better</span> partner in the <span class=""sentiment-1"">fight</span> for equality and <span class=""sentiment2"">justice</span>"
"286",2015-06-18,2015-06-01,4,"<span class=""sentiment2"">inspired</span> by what @pontifex wrote on climate change <span class=""sentiment1"">agree</span> we have a moral responsibility to act to <span class=""sentiment1"">protect</span> our kids and god's creation"
"285",2015-06-19,2015-06-01,-1,"in the midst of <span class=""sentiment-2"">darkest</span> <span class=""sentiment-2"">tragedy</span> the decency and <span class=""sentiment3"">goodness</span> of the american people shines through in these families https//tco/aytakrwwcy"
"284",2015-06-21,2015-06-01,3,"<span class=""sentiment3"">good</span> point mitt https//tco/ryusfp8xbh"
"283",2015-06-21,2015-06-01,-3,"here are the stats per population we <span class=""sentiment-3"">kill</span> each other with guns at a rate 297x more than japan 49x more than france 33x more than israel"
"282",2015-06-21,2015-06-01,2,"expressions of <span class=""sentiment2"">sympathy</span> aren’t enough it’s time we do something about this"
"281",2015-06-22,2015-06-01,8,"<span class=""sentiment3"">good</span> <span class=""sentiment3"">luck</span> team usa – make us <span class=""sentiment2"">proud</span> out there #onenationoneteam http//tco/btu3drxpbr"
"280",2015-06-25,2015-06-01,2,"today's decision is a victory for every hardworking american access to quality affordable health <span class=""sentiment2"">care</span> is a right not a privilege"
"279",2015-06-25,2015-06-01,4,"more than 16 million americans have <span class=""sentiment2"">gained</span> health coverage after 5 years of the affordable <span class=""sentiment2"">care</span> act"
"278",2015-06-25,2015-06-01,-3,"129 million americans with pre-existing conditions can <span class=""sentiment-1"">no</span> longer be <span class=""sentiment-2"">denied</span> health coverage"
"277",2015-06-25,2015-06-01,-4,"women can <span class=""sentiment-1"">no</span> longer be <span class=""sentiment-3"">charged</span> more for health coverage just for being women"
"276",2015-06-25,2015-06-01,2,"more than 137 million americans have guaranteed access to preventive <span class=""sentiment2"">care</span> <span class=""sentiment2"">like</span> <span class=""sentiment-1"">cancer</span> screenings and birth control at <span class=""sentiment-1"">no</span> out-of-pocket cost"
"275",2015-06-25,2015-06-01,-1,"the uninsured rate is the <span class=""sentiment-1"">lowest</span> it's ever been let's keep at it until every american has quality affordable health insurance"
"274",2015-06-26,2015-06-01,3,"today is a <span class=""sentiment1"">big</span> step in our march toward equality gay and lesbian couples now have the right to marry just <span class=""sentiment2"">like</span> anyone else #lovewins"
"273",2015-06-26,2015-06-01,3,"so <span class=""sentiment2"">inspired</span> by the <span class=""sentiment1"">grace</span> shown by the simmons family and all the victims' families in charleston #hatewontwin http//tco/jms0sduyui"
"272",2015-06-30,2015-06-01,1,"a <span class=""sentiment-1"">hard</span> day's work deserves a <span class=""sentiment2"">fair</span> day's <span class=""sentiment-1"">pay</span> that's why i'm announcing my plan to <span class=""sentiment1"">extend</span> overtime protections https//tco/mrv56vtna9"
"271",2015-07-01,2015-07-01,4,"<span class=""sentiment2"">congrats</span> to the #uswnt can't wait for the finals you make us all <span class=""sentiment2"">proud</span>"
"270",2015-07-01,2015-07-01,4,"hello from nashville i'll be answering your questions on health <span class=""sentiment2"">care</span> and the affordable <span class=""sentiment2"">care</span> act at 330pm et tweet yours using #askpotus"
"269",2015-07-01,2015-07-01,2,"alright let's do this ready to answer your health <span class=""sentiment2"">care</span> questions keep 'em coming with #askpotus http//tco/wk8rdf2h0i"
"268",2015-07-01,2015-07-01,4,"we need to <span class=""sentiment2"">encourage</span> states to take <span class=""sentiment2"">advantage</span> of medicaid expansion could insure 4 mil more people in 22 states https//tco/s9rlkvb1an"
"267",2015-07-01,2015-07-01,6,"not <span class=""sentiment2"">true</span> - <span class=""sentiment2"">like</span> last year insurers request premium hikes but must be <span class=""sentiment2"">approved</span> expect final increases to be less   https//tco/wfji2aolkp"
"266",2015-07-01,2015-07-01,4,"<span class=""sentiment2"">congratulations</span> <span class=""sentiment2"">hope</span> you guys are getting sleep nothing beats babies https//tco/ymgm0harad"
"265",2015-07-01,2015-07-01,2,"now's time to <span class=""sentiment2"">encourage</span> states that held off for political reasons to do the right thing contact state officials https//tco/qquy3s9moc"
"264",2015-07-01,2015-07-01,7,"ex-im bank <span class=""sentiment2"">helps</span> us companies export that means <span class=""sentiment3"">good</span> paying american jobs <span class=""sentiment2"">optimistic</span> that congress gets it done https//tco/uebhgil64b"
"263",2015-07-01,2015-07-01,-1,"have principles and issues you are <span class=""sentiment2"">passionate</span> about and act <span class=""sentiment-3"">worry</span> more about doing something than being something https//tco/qqbgflhxdy"
"262",2015-07-01,2015-07-01,0,"there's a <span class=""sentiment-2"">hardship</span> exemption <span class=""sentiment2"">fine</span> only applies to folks who can afford insurance but choose not to https//tco/xwfekbzcat"
"261",2015-07-01,2015-07-01,0,"was listening to outkast/liberation and the black keys/lonely boy this morning https//tco/1dp6crdwlm"
"260",2015-07-01,2015-07-01,0,"respect the nyt but not buying peas in guac onions garlic hot peppers classic https//tco/meei8qhh1v"
"259",2015-07-01,2015-07-01,1,"pushing to make 2 yrs comm college <span class=""sentiment1"">free</span> permit refinancing on student loans push colleges to keep tuition low https//tco/dtbtndqsii"
"258",2015-07-01,2015-07-01,-2,"people <span class=""sentiment-2"">lack</span> info/turned off by political noise w court case done let's focus on getting people signed up https//tco/vfcdgmxse9"
"257",2015-07-01,2015-07-01,3,"butler's a <span class=""sentiment3"">great</span> player on o and d let's sign him up long term go bulls https//tco/iqbyumcbmj"
"256",2015-07-01,2015-07-01,7,"gotta go but this was <span class=""sentiment4"">fun</span> let's keep the health <span class=""sentiment2"">care</span> conversation going - <span class=""sentiment1"">share</span> how the #acaworks for you or your family"
"255",2015-07-02,2015-07-01,2,"rt @notoriousllt sister is <span class=""sentiment1"">legally</span> <span class=""sentiment-1"">blind</span> &amp on disability b/c of glaucoma she needs <span class=""sentiment2"">care</span> to keep sight she has left with #aca she can aff…"
"254",2015-07-02,2015-07-01,-1,"rt @randynaverysmom #askpotus my dad is a small biz owner and never had insurance #aca allowed him access to life saving <span class=""sentiment-1"">cancer</span> screening…"
"253",2015-07-02,2015-07-01,0,"rt @crazywritinfool @potus #acaworks because i could switch insurance providers to get a lower rate couldn't before due to preexisting c…"
"252",2015-07-02,2015-07-01,1,"rt @hotelkeys @potus 
23yrold recent grad has full-time job but <span class=""sentiment-1"">no</span> insurance <span class=""sentiment2"">peace</span> of mind that she can be on our plan #acaworks"
"251",2015-07-02,2015-07-01,0,"it's not mine just a loaner maybe you can come play at the white house sometime instead  https//tco/srzkb6plzz"
"250",2015-07-04,2015-07-01,11,"it doesn't get much <span class=""sentiment2"">better</span> than <span class=""sentiment3"">celebrating</span> america with the people you <span class=""sentiment3"">love</span> <span class=""sentiment3"">happy</span> fourth of july everyone"
"249",2015-07-05,2015-07-01,0,"http//tco/ft3dwywrjv"
"248",2015-07-06,2015-07-01,9,"what a <span class=""sentiment4"">win</span> for team usa <span class=""sentiment3"">great</span> game @carlilloyd your country is so <span class=""sentiment2"">proud</span> of all of you come visit the white house with the world cup soon"
"247",2015-07-10,2015-07-01,7,"south carolina taking down the confederate flag - a signal of <span class=""sentiment3"">good</span> will and healing and a <span class=""sentiment2"">meaningful</span> step towards a <span class=""sentiment2"">better</span> future"
"246",2015-07-14,2015-07-01,0,"just spoke to the naacp about <span class=""sentiment-3"">criminal</span> <span class=""sentiment2"">justice</span> reform something many broadly <span class=""sentiment1"">agree</span> on some stats"
"245",2015-07-14,2015-07-01,-2,"america is home to 5% of the world's population but 25% of the world's <span class=""sentiment-2"">prisoners</span>"
"244",2015-07-14,2015-07-01,2,"america keeps more people behind bars than the <span class=""sentiment2"">top</span> 35 european countries combined"
"243",2015-07-14,2015-07-01,0,"in 1980 there were 500000 people in american jails today there are 22 million many belong but too many are nonviolent offenders"
"242",2015-07-14,2015-07-01,-1,"the $80 billion we spend each year to keep people incarcerated could <span class=""sentiment-1"">pay</span> for universal pre-k for every 3-year-old and 4-year-old in america"
"241",2015-07-14,2015-07-01,0,"the $80 billion we spend each year on incarcerations could double the salary of every high school teacher in america"
"240",2015-07-14,2015-07-01,0,"we could eliminate tuition at every public college and university in america with the $80 billion we spend each year on incarcerations"
"239",2015-07-14,2015-07-01,4,"mass incarceration doesn't work let's build communities that give kids a shot at <span class=""sentiment2"">success</span> and prisons that prepare people for a 2nd <span class=""sentiment2"">chance</span>"
"238",2015-07-15,2015-07-01,4,"<span class=""sentiment3"">good</span> conversation with tom friedman on the deal we <span class=""sentiment1"">reached</span> with iran it's a major step toward a safer world  https//tco/xwsrh9iofg"
"237",2015-07-15,2015-07-01,5,"pluto just had its first visitor <span class=""sentiment2"">thanks</span> @nasa - it's a <span class=""sentiment3"">great</span> day for discovery and american leadership http//tco/ffztbsmbk0"
"236",2015-07-17,2015-07-01,3,"<span class=""sentiment2"">congrats</span> to oregon on passing two years of <span class=""sentiment1"">free</span> community college every hardworking student deserves access to higher education"
"235",2015-07-17,2015-07-01,7,"had a <span class=""sentiment3"">great</span> visit today with emma didlake - our oldest living veteran at 110-years-young she's a <span class=""sentiment2"">true</span> american <span class=""sentiment2"">hero</span> http//tco/eeeic3ak4a"
"234",2015-07-20,2015-07-01,4,"just got this new blue marble photo from @nasa a <span class=""sentiment3"">beautiful</span> reminder that we need to <span class=""sentiment1"">protect</span> the only planet we have http//tco/jq3174p0lf"
"233",2015-07-21,2015-07-01,0,"rt @theirandeal the historic #irandeal succeeds in verifying that iran cannot obtain a nuclear weapon follow to get the facts http//tc…"
"232",2015-07-22,2015-07-01,1,"el doctorow was one of america's <span class=""sentiment3"">greatest</span> novelists his books taught me much and he will be <span class=""sentiment-2"">missed</span>"
"231",2015-07-24,2015-07-01,5,"<span class=""sentiment2"">proud</span> to be the first american president to visit kenya <span class=""sentiment3"">happy</span> to see family and to talk with young kenyans about the future"
"230",2015-07-26,2015-07-01,1,"25 years of the ada and americans with disabilities are breaking more barriers than ever making all of us more <span class=""sentiment1"">free</span> let's keep going"
"229",2015-07-30,2015-07-01,4,"<span class=""sentiment3"">happy</span> 50th birthday medicare and medicaid two programs one <span class=""sentiment1"">promise</span> that every american deserves a basic measure of dignity and security"
"228",2015-07-31,2015-07-01,1,"launching a pilot program to <span class=""sentiment2"">help</span> students in <span class=""sentiment-2"">prison</span> <span class=""sentiment-1"">pay</span> for college because everyone willing to work for it deserves a second <span class=""sentiment2"">chance</span>"
"227",2015-08-01,2015-08-01,2,"hey @stationcdrkelly <span class=""sentiment2"">loving</span> the photos do you ever look out the window and just freak out"
"226",2015-08-03,2015-08-01,3,"today we're announcing america's <span class=""sentiment2"">clean</span> power plan—the most <span class=""sentiment2"">important</span> step we've ever taken to <span class=""sentiment-1"">combat</span> climate change here are the facts"
"225",2015-08-03,2015-08-01,0,"levels of carbon dioxide in our atmosphere are higher than they’ve been in 800000 years 2014 was the planet’s warmest year on record"
"224",2015-08-03,2015-08-01,0,"right now power plants account for about one-third of america’s carbon pollution that’s more than our cars airplanes and homes combined"
"223",2015-08-03,2015-08-01,2,"it's time to change that with the <span class=""sentiment2"">clean</span> power plan by 2030 carbon pollution from power plants will be 32% lower than it was a decade ago"
"222",2015-08-03,2015-08-01,0,"<span class=""sentiment2"">thanks</span> to this plan there will be 90000 fewer asthma <span class=""sentiment-1"">attacks</span> among our kids and we'll <span class=""sentiment-1"">avoid</span> 3600 premature deaths in 2030"
"221",2015-08-03,2015-08-01,0,"despite what the <span class=""sentiment-2"">critics</span> will tell you this plan will ultimately <span class=""sentiment2"">save</span> the average american family nearly $85 a year on their energy bills"
"220",2015-08-03,2015-08-01,-5,"i <span class=""sentiment-2"">refuse</span> to <span class=""sentiment-2"">condemn</span> our kids to a planet that's beyond fixing let's meet this <span class=""sentiment-1"">challenge</span> and #actonclimate together"
"219",2015-08-05,2015-08-01,-1,"it's the <span class=""sentiment2"">strongest</span> nuclear deal ever negotiated there's <span class=""sentiment-1"">no</span> such thing as a <span class=""sentiment2"">better</span> deal walking away <span class=""sentiment-2"">risks</span> <span class=""sentiment-2"">war</span> https//tco/la7ghqxfzl"
"218",2015-08-05,2015-08-01,-5,"the choice is ultimately between diplomacy and <span class=""sentiment-2"">war</span> iran's nuclear program accelerates if congress <span class=""sentiment-3"">kills</span> this deal https//tco/nvbeo1omko"
"217",2015-08-05,2015-08-01,1,"<span class=""sentiment2"">important</span> detail – there are <span class=""sentiment-1"">no</span> secret deals my staff can brief you on any question about any part of the deal https//tco/uo0b5xcoph"
"216",2015-08-05,2015-08-01,1,"<span class=""sentiment1"">pretty</span> incredible time lapse of the dark side of the moon passing earth from @nasa american ingenuity at work http//tco/jkep9bcxgq"
"215",2015-08-06,2015-08-01,0,"50 years ago today president johnson signed the voting rights act into law securing the right to vote for millions of african americans"
"214",2015-08-06,2015-08-01,0,"before 1965 african americans faced poll taxes literacy tests or having to count jellybeans in a jar when they tried to register to vote"
"213",2015-08-06,2015-08-01,4,"<span class=""sentiment2"">heroes</span> <span class=""sentiment2"">like</span> @repjohnlewis dr king and countless others sacrificed so that all of our voices could be heard http//tco/l7kxtwqlyw"
"212",2015-08-06,2015-08-01,5,"<span class=""sentiment2"">thank</span> you for all you've done to <span class=""sentiment1"">protect</span> our sacred right to vote it's as <span class=""sentiment2"">important</span> today as it's ever been https//tco/ge74wu5nc1"
"211",2015-08-14,2015-08-01,3,"rt @johnkerry <span class=""sentiment3"">pleased</span> to be in #havana for historic day @usembcuba incredible last time #secstate visited #cuba fdr was @potus http//…"
"210",2015-08-14,2015-08-01,5,"due to <span class=""sentiment3"">popular</span> request here are my vacation playlists http//tco/uer5sil4vk http//tco/zheekhvqbr what's your <span class=""sentiment2"">favorite</span> summer song"
"209",2015-08-20,2015-08-01,4,"president carter is as <span class=""sentiment3"">good</span> a man as they come michelle and i are <span class=""sentiment1"">praying</span> for him and rosalynn we're all pulling for you jimmy"
"208",2015-08-25,2015-08-01,7,"the national park service 99 years and 84 million acres <span class=""sentiment2"">strong</span> <span class=""sentiment2"">congrats</span> to all who work to <span class=""sentiment1"">protect</span> these <span class=""sentiment2"">treasures</span> http//tco/r8ryb9vkvw"
"207",2015-08-27,2015-08-01,-2,"amidst global volatility congress should <span class=""sentiment1"">protect</span> the momentum of our <span class=""sentiment1"">growing</span> economy not <span class=""sentiment-3"">kill</span> it we must <span class=""sentiment-1"">avoid</span> shutdown / austerity"
"206",2015-08-29,2015-08-01,6,"in treme i was <span class=""sentiment2"">inspired</span> by the <span class=""sentiment2"">progress</span> &amp people 10 years after katrina it gives us <span class=""sentiment2"">hope</span> but our work isn't done http//tco/ldqsarhnzt"
"205",2015-08-31,2015-08-01,0,"today we’re returning mount mckinley to its native name - denali a step to reflect the heritage of alaska natives http//tco/wyzqimkymx"
"204",2015-09-03,2015-09-01,5,"i <span class=""sentiment3"">loved</span> alaska and met so many <span class=""sentiment3"">inspiring</span> people have to keep up the <span class=""sentiment-1"">fight</span> on climate change for their sake—and ours http//tco/hzww0s6iqc"
"203",2015-09-06,2015-09-01,4,"<span class=""sentiment2"">thank</span> you colin for putting your experience and expertise behind this <span class=""sentiment2"">important</span> initiative for our country https//tco/bsnalms8cu"
"202",2015-09-10,2015-09-01,-1,"today's senate vote on the iran deal is a historic step toward <span class=""sentiment-1"">preventing</span> iran from obtaining a nuclear weapon the world is safer for it"
"201",2015-09-11,2015-09-01,1,"14 years after the terrorist <span class=""sentiment-1"">attacks</span> of 9/11 we <span class=""sentiment2"">honor</span> those we <span class=""sentiment-3"">lost</span> we salute all who serve to keep us <span class=""sentiment1"">safe</span> we stand as <span class=""sentiment2"">strong</span> as ever"
"200",2015-09-14,2015-09-01,0,"@fafsa might be <span class=""sentiment-1"">hard</span> to say but filling it out can <span class=""sentiment2"">help</span> you <span class=""sentiment-1"">pay</span> for college flotus you're up #5timesfafsa http//tco/y1jv8aeguh"
"199",2015-09-15,2015-09-01,-6,"7 years ago today lehman brothers filed for bankruptcy setting off the <span class=""sentiment-3"">worst</span> financial <span class=""sentiment-3"">crisis</span> in decades here's how far we've come"
"198",2015-09-15,2015-09-01,-2,"when i took office 800000 americans <span class=""sentiment-3"">lost</span> their jobs each month our businesses have now added 131 million jobs over 66 <span class=""sentiment1"">straight</span> months"
"197",2015-09-15,2015-09-01,-3,"we've <span class=""sentiment-1"">cut</span> the <span class=""sentiment-2"">unemployment</span> rate in half – from a high of 10% down to 51% and we're not done http//tco/urfasoigua"
"196",2015-09-15,2015-09-01,0,"in 2009 our auto industry was flatlining now our workers are on pace to sell more american cars and trucks than any year since 2001"
"195",2015-09-15,2015-09-01,-1,"when i took office 154% of our population was uninsured today we’ve <span class=""sentiment-1"">cut</span> that by more than a third http//tco/3ooqcz8oxp"
"194",2015-09-15,2015-09-01,-2,"when i took office the budget <span class=""sentiment-2"">deficit</span> had <span class=""sentiment1"">reached</span> 92% of our gdp we've <span class=""sentiment-1"">cut</span> that down to 28% http//tco/3viaw4b0bb"
"193",2015-09-15,2015-09-01,0,"we've fought back because of you we shouldn't slip back because of congress i urge them to send me a budget that invests in our future"
"192",2015-09-16,2015-09-01,11,"<span class=""sentiment1"">cool</span> clock ahmed <span class=""sentiment1"">want</span> to bring it to the white house we should <span class=""sentiment2"">inspire</span> more kids <span class=""sentiment2"">like</span> you to <span class=""sentiment2"">like</span> science it's what makes america <span class=""sentiment3"">great</span>"
"191",2015-09-22,2015-09-01,0,"our right to vote is sacred it's the foundation of our democracy you can find out how to register to vote at http//tco/8kaqy0u3fn"
"190",2015-09-22,2015-09-01,5,"millions of families are more <span class=""sentiment2"">secure</span> <span class=""sentiment2"">thanks</span> to the aca <span class=""sentiment1"">join</span> them and #getcovered on nov 1 http//tco/pj7xil6fjy  https//tco/gf6ys0ahol"
"189",2015-09-23,2015-09-01,11,"<span class=""sentiment2"">welcome</span> to the white house @pontifex your messages of <span class=""sentiment3"">love</span> <span class=""sentiment2"">hope</span> and <span class=""sentiment2"">peace</span> have <span class=""sentiment2"">inspired</span> us all"
"188",2015-09-23,2015-09-01,0,"yogi berra was an american original - a hall of famer <span class=""sentiment2"">jovial</span> prophet &amp a humble veteran we'll <span class=""sentiment-2"">miss</span> you yogi but your legacy ain't over"
"187",2015-09-26,2015-09-01,6,"i'm <span class=""sentiment3"">grateful</span> for the teachers who helped <span class=""sentiment1"">spark</span> my sense of curiosity the #62milliongirls who aren't in school should have that same <span class=""sentiment2"">chance</span>"
"186",2015-09-28,2015-09-01,-2,"nearly 12 million people have been displaced by the <span class=""sentiment-2"">conflict</span> in syria as americans we can't sit idly by that's not who we are"
"185",2015-09-28,2015-09-01,0,"we've provided more than $45 billion in humanitarian aid to <span class=""sentiment2"">help</span> meet the needs of those impacted by the syrian <span class=""sentiment-2"">conflict</span>"
"184",2015-09-28,2015-09-01,-1,"we're also increasing the number of syrian and other refugees we <span class=""sentiment-1"">admit</span> to the us to 100000 per year for the next two years"
"183",2015-09-28,2015-09-01,3,"but this isn't just about what i can do as president every single one of us - from citizens to ngos - can <span class=""sentiment2"">help</span> refugees find <span class=""sentiment1"">safe</span> haven"
"182",2015-09-28,2015-09-01,1,"we have a moral responsibility to do what we can for families <span class=""sentiment-1"">forced</span> from their homes find out how you can <span class=""sentiment2"">help</span> at http//tco/j8a6mtd6d4"
"181",2015-10-02,2015-10-01,2,"<span class=""sentiment2"">thanks</span> zack https//tco/gogzwmydxq"
"180",2015-10-14,2015-10-01,2,"<span class=""sentiment2"">congrats</span> @cubs - even @whitesox fans are rooting for you"
"179",2015-10-16,2015-10-01,3,"<span class=""sentiment2"">congrats</span> @hokuleawwv on <span class=""sentiment1"">reaching</span> africa—midpoint of worldwide voyage to spread message of caring for the one planet we've got #malamahonua"
"178",2015-10-19,2015-10-01,3,"i just met with ceos of some of our biggest companies who are stepping up to #actonclimate it's <span class=""sentiment3"">good</span> for the planet - and the bottom line"
"177",2015-10-20,2015-10-01,4,"i got a <span class=""sentiment2"">chance</span> to catch up with the @space_station crew today nothing <span class=""sentiment2"">like</span> a call to space on #astronomynight https//tco/jvlzydq8jo"
"176",2015-10-20,2015-10-01,-1,"rt @factsonclimate climate change <span class=""sentiment-2"">threatens</span> us all and it will take all of us to <span class=""sentiment1"">solve</span> it get the facts on how we can https//tco/d0ui…"
"175",2015-10-21,2015-10-01,-1,"heading to west virginia today to talk about the epidemic of prescription drug <span class=""sentiment-3"">abuse</span> in america and what we can do to <span class=""sentiment2"">help</span> the facts"
"174",2015-10-21,2015-10-01,-2,"120 americans <span class=""sentiment-3"">die</span> every day from drug overdoses - most involving <span class=""sentiment1"">legal</span> prescription drugs that's more than from car crashes"
"173",2015-10-21,2015-10-01,2,"sales of <span class=""sentiment2"">powerful</span> painkillers have skyrocketed in 2012 enough prescriptions were written to give every american adult a bottle of pills"
"172",2015-10-21,2015-10-01,0,"4 in 5 heroin users started out by misusing prescription opioids heroin-related deaths nearly quadrupled between 2002 and 2013"
"171",2015-10-21,2015-10-01,-3,"with <span class=""sentiment-1"">no</span> other disease do we expect people to wait until they're a <span class=""sentiment-2"">danger</span> to themselves or others to self-diagnose and seek treatment"
"170",2015-10-21,2015-10-01,2,"communities are showing that we should approach substance use disorders as an <span class=""sentiment2"">opportunity</span> to intervene rather than a race to incarcerate"
"169",2015-10-21,2015-10-01,3,"so i'm <span class=""sentiment2"">eager</span> to hear from folks in charleston today on actions we can take to put recovery within <span class=""sentiment1"">reach</span> for anyone who needs it"
"168",2015-10-21,2015-10-01,3,"<span class=""sentiment3"">happy</span> back to the future day @realmikefox ever think about the fact that we live in the future we dreamed of then that's heavy man"
"167",2015-10-23,2015-10-01,0,"our thoughts are with the mexican people as they brace for hurricane patricia usaid <span class=""sentiment-2"">disaster</span> experts are on the ground and ready to <span class=""sentiment2"">help</span>"
"166",2015-10-28,2015-10-01,5,"<span class=""sentiment3"">good</span> to be home for a night even <span class=""sentiment2"">better</span> to see the @chicagobulls start the season off right #seered"
"165",2015-10-29,2015-10-01,8,"who knew community policing could involve the nae nae <span class=""sentiment3"">great</span> example of police having <span class=""sentiment4"">fun</span> while keeping us <span class=""sentiment1"">safe</span> https//tco/zgetdm6oyw"
"164",2015-11-01,2015-11-01,2,"every american deserves quality affordable health <span class=""sentiment2"">care</span> if you or a friend needs coverage go to https//tco/pj7xil6fjy and sign up now"
"163",2015-11-09,2015-11-01,1,"i just <span class=""sentiment1"">launched</span> my facebook page with a video on climate change america will lead on this the time to act is now https//tco/wg5y1fbhia"
"162",2015-11-11,2015-11-01,2,"today we <span class=""sentiment2"">honor</span> the incredible men and women who have served our country their sacrifice and selflessness is second to none"
"161",2015-11-12,2015-11-01,2,"this is an american <span class=""sentiment2"">hero</span> capt groberg put it all on the line for his team on his <span class=""sentiment-3"">worst</span> day he gave us his <span class=""sentiment3"">best</span> https//tco/wdwapswjpe"
"160",2015-11-18,2015-11-01,-3,"protecting the american people is my <span class=""sentiment2"">top</span> priority with our 65 global partners we're leading the campaign to <span class=""sentiment-2"">degrade</span> and <span class=""sentiment-3"">destroy</span> isil"
"159",2015-11-18,2015-11-01,2,"we also <span class=""sentiment4"">win</span> this <span class=""sentiment-1"">fight</span> with our values america can <span class=""sentiment1"">ensure</span> our own security while welcoming refugees <span class=""sentiment-3"">desperately</span> seeking <span class=""sentiment1"">safety</span> from isil"
"158",2015-11-18,2015-11-01,-3,"we will provide refuge to at least 10000 refugees fleeing <span class=""sentiment-3"">violence</span> in syria over the next year after they pass the highest security checks"
"157",2015-11-18,2015-11-01,-5,"here our focus is giving <span class=""sentiment1"">safe</span> haven to the most <span class=""sentiment-2"">vulnerable</span> syrians – women children and survivors of <span class=""sentiment-4"">torture</span>"
"156",2015-11-18,2015-11-01,2,"welcoming the world’s <span class=""sentiment-2"">vulnerable</span> who seek the <span class=""sentiment1"">safety</span> of america is not new to us we've <span class=""sentiment1"">safely</span> <span class=""sentiment2"">welcomed</span> 3 million refugees since 1975"
"155",2015-11-18,2015-11-01,-3,"slamming the door in the face of refugees would <span class=""sentiment-3"">betray</span> our deepest values that's not who we are and it's not what we're going to do"
"154",2015-11-26,2015-11-01,10,"<span class=""sentiment3"">happy</span> thanksgiving everyone today we give <span class=""sentiment2"">thanks</span> for all of our <span class=""sentiment3"">loved</span> ones and the <span class=""sentiment2"">brave</span> men and women in uniform who serve our country"
"153",2015-11-28,2015-11-01,3,"enjoyed <span class=""sentiment-1"">stopping</span> by upshur street books today <span class=""sentiment3"">celebrate</span> small business saturday by <span class=""sentiment1"">supporting</span> a business near you https//tco/udtcihxtoc"
"152",2015-11-29,2015-11-01,3,"<span class=""sentiment3"">good</span> news the world now adds more <span class=""sentiment2"">clean</span> power capacity each year than <span class=""sentiment-2"">dirtier</span> fossil-fuel based power capacity https//tco/nrniwdakun"
"151",2015-11-30,2015-11-01,2,"addressing climate change takes all of us especially the private sector going all-in on <span class=""sentiment2"">clean</span> energy worldwide https//tco/qq6wczur1z"
"150",2015-12-09,2015-12-01,-1,"150 years since the abolition of <span class=""sentiment-3"">slavery</span> a turning point in our history <span class=""sentiment2"">progress</span> - that's our story"
"149",2015-12-09,2015-12-01,4,"herzlichen glückwunsch to my friend and time's person of the year angela merkel <span class=""sentiment2"">thanks</span> for your moral leadership and <span class=""sentiment2"">strong</span> partnership"
"148",2015-12-10,2015-12-01,-2,"the opioid epidemic is <span class=""sentiment-3"">destroying</span> lives we need to put treatment within <span class=""sentiment1"">reach</span> of anyone who needs it https//tco/rjfkkield9"
"147",2015-12-12,2015-12-01,8,"the <span class=""sentiment2"">strong</span> paris <span class=""sentiment1"">agreement</span> on climate means a safer more <span class=""sentiment2"">secure</span> world for our kids a <span class=""sentiment3"">perfect</span> example of what american leadership can do"
"146",2015-12-16,2015-12-01,7,"<span class=""sentiment2"">congrats</span> on a <span class=""sentiment3"">great</span> career abby wambach for the goals you’ve scored &amp the kids you’ve <span class=""sentiment2"">inspired</span> you’re the goat https//tco/kud56chsbo"
"145",2015-12-18,2015-12-01,2,"rt @nasa @nasa_hubble found what looks <span class=""sentiment2"">like</span> a cosmic lightsaber in our milky way galaxy https//tco/vvbsvtph2l #starwars https//tco/p…"
"144",2015-12-20,2015-12-01,-2,"zaevion dobson <span class=""sentiment-3"">died</span> saving three friends from getting shot he was a <span class=""sentiment2"">hero</span> at 15 what's our <span class=""sentiment-1"">excuse</span> for not acting https//tco/hn98ugsjkz"
"143",2015-12-23,2015-12-01,-3,"i'm <span class=""sentiment2"">proud</span> of the @nba for taking a stand against <span class=""sentiment-1"">gun</span> <span class=""sentiment-3"">violence</span> <span class=""sentiment2"">sympathy</span> for <span class=""sentiment-3"">victims</span> isn't enough – change requires all of us speaking up"
"142",2015-12-25,2015-12-01,5,"from the obama family to yours <span class=""sentiment3"">merry</span> christmas and a special <span class=""sentiment2"">thank</span> you to all our men and women in uniform this holiday season"
"141",2016-01-04,2016-01-01,-1,"each year more than 30000 american lives are <span class=""sentiment-1"">cut</span> short by guns - two-thirds coming from suicides too many americans have <span class=""sentiment-3"">lost</span> <span class=""sentiment3"">loved</span> ones"
"140",2016-01-04,2016-01-01,-5,"guns now <span class=""sentiment-3"">kill</span> as many people as cars in almost half of the us we can't <span class=""sentiment-1"">stop</span> every act of <span class=""sentiment-3"">violence</span> but we can <span class=""sentiment2"">save</span> lives if we act"
"139",2016-01-04,2016-01-01,-2,"tomorrow i'm taking action to reduce <span class=""sentiment-1"">gun</span> <span class=""sentiment-3"">violence</span> and <span class=""sentiment2"">save</span> lives - protecting the second amendment and our kids https//tco/vnqxehac9m"
"138",2016-01-04,2016-01-01,-3,"we will keep guns out of the <span class=""sentiment-2"">wrong</span> hands enforce our guns laws and <span class=""sentiment1"">ensure</span> those with serious mental <span class=""sentiment-2"">illnesses</span> get treatment"
"137",2016-01-04,2016-01-01,0,"what's often <span class=""sentiment-2"">ignored</span> in this debate is that a majority of <span class=""sentiment-1"">gun</span> owners <span class=""sentiment1"">agree</span> with commonsense steps to <span class=""sentiment2"">save</span> lives"
"136",2016-01-04,2016-01-01,-2,"the <span class=""sentiment-1"">gun</span> <span class=""sentiment-2"">lobby</span> may be holding congress hostage but they can't hold america hostage we can't <span class=""sentiment1"">accept</span> this carnage in our communities"
"135",2016-01-06,2016-01-01,2,"about time denis <span class=""sentiment2"">welcome</span> let me know if you need any pointers https//tco/wulluehj28"
"134",2016-01-12,2016-01-01,1,"so <span class=""sentiment2"">proud</span> of you scott how long is the <span class=""sentiment-1"">delay</span> up there see you when you get back  https//tco/dobpadezxq"
"133",2016-01-13,2016-01-01,4,"i'm treating this last state of the union just <span class=""sentiment2"">like</span> my first - because i'm still just as hungry i <span class=""sentiment2"">hope</span> you tune in because it's for you"
"132",2016-01-14,2016-01-01,2,"looking forward to hearing your ideas about what we can <span class=""sentiment2"">accomplish</span> this year &amp beyond i'll answer your questions on #askpotus at 1230p et"
"131",2016-01-14,2016-01-01,0,"hey everyone ready to answer your questions here at mckinley high school in baton rouge let's do this #askpotus https//tco/ja1mebwcxg"
"130",2016-01-14,2016-01-01,4,"before i start wanted to <span class=""sentiment1"">share</span> this liberia is now ebola-free <span class=""sentiment3"">great</span> example of what we can achieve when we lead https//tco/qjvcwg8tii"
"129",2016-01-14,2016-01-01,3,"expanded pell <span class=""sentiment1"">grants</span> capped loan repayments at 10% income but now <span class=""sentiment1"">want</span> to also make 2 yrs community college <span class=""sentiment1"">free</span> https//tco/rs9xfdpp9c"
"128",2016-01-14,2016-01-01,2,"new la gov edwards just expanded medicaid gets 1000s coverage &amp <span class=""sentiment2"">helps</span> the state budget more states need to follow  https//tco/08mdx2h4pt"
"127",2016-01-14,2016-01-01,2,"new power plant rule reduces biggest source of co2 now we need to invest in <span class=""sentiment2"">clean</span> energy tech energy efficiency https//tco/gqg3fehxxo"
"126",2016-01-14,2016-01-01,9,"<span class=""sentiment3"">love</span> em all but as a bulls <span class=""sentiment3"">fan</span> got to go with mj in baton rouge just met lsu freshman ben simmons - will be <span class=""sentiment3"">great</span> https//tco/du1gflvyp4"
"125",2016-01-14,2016-01-01,-1,"health <span class=""sentiment2"">care</span> inflation <span class=""sentiment-1"">lowest</span> in decades since aca passed <span class=""sentiment-2"">problem</span> is more costs passed to workers thru copays etc https//tco/elbcrjxa6l"
"124",2016-01-14,2016-01-01,3,"overwhelming majority of americans understand of diversity and religious pluralism is one of our <span class=""sentiment3"">greatest</span> strengths  https//tco/am1jloa1ti"
"123",2016-01-14,2016-01-01,2,"so we all need to speak out against <span class=""sentiment-1"">bias</span> and stereotypes to <span class=""sentiment1"">protect</span> the <span class=""sentiment2"">freedom</span> of others and our own as well"
"122",2016-01-14,2016-01-01,1,"despite court cases <span class=""sentiment2"">like</span> citizens <span class=""sentiment1"">united</span> <span class=""sentiment-2"">ill</span> work with orgs/states across us to find new ways 2 reduce $ in politics https//tco/futdewjcyh"
"121",2016-01-14,2016-01-01,0,"the night aca passed standing on truman balcony with all staff whod made it happen knowing we'd helped millions https//tco/eur3rz3un7"
"120",2016-01-14,2016-01-01,-1,"<span class=""sentiment3"">great</span> - we need well-meaning folks from all stripes to get info on how we can respect 2a and reduce <span class=""sentiment-1"">gun</span> <span class=""sentiment-3"">violence</span> https//tco/dz0vrltrzg"
"119",2016-01-14,2016-01-01,0,"places to start - @gabbygiffords's https//tco/atm1m4imgu and @everytown"
"118",2016-01-14,2016-01-01,9,"alright everyone this was a lot of <span class=""sentiment4"">fun</span> <span class=""sentiment2"">thanks</span> for the <span class=""sentiment3"">great</span> conversation i'll be back soon"
"117",2016-01-18,2016-01-01,5,"today we <span class=""sentiment2"">honor</span> a man who challenged us to bend the arc of the moral universe toward <span class=""sentiment2"">justice</span> let's keep working to realize dr king's <span class=""sentiment1"">dream</span>"
"116",2016-01-20,2016-01-01,-3,"headed to the detroit auto show today to showcase how our auto industry has come roaring back from the financial <span class=""sentiment-3"">crisis</span> here are the stats"
"115",2016-01-20,2016-01-01,0,"in 2009 auto sales hit a 27-year low last year they hit an all-time high https//tco/pdc8w8mtb5"
"114",2016-01-20,2016-01-01,4,"american automakers have added more than 640000 jobs since mid-2009 – the <span class=""sentiment2"">strongest</span> job <span class=""sentiment2"">growth</span> on record https//tco/klrujgpzi1"
"113",2016-01-20,2016-01-01,3,"cars and trucks made in the usa are more fuel efficient than ever before – and still the <span class=""sentiment3"">best</span> in the world"
"112",2016-01-20,2016-01-01,0,"seven years ago i bet on american workers and the american auto industry i’d make that bet again any day of the week"
"111",2016-01-25,2016-01-01,-1,"the science couldn't be clearer - we owe it to our kids to do everything we can to <span class=""sentiment-1"">combat</span> climate change https//tco/497wkkve58"
"110",2016-01-29,2016-01-01,5,"we just took an <span class=""sentiment2"">important</span> step on equal <span class=""sentiment-1"">pay</span> let's keep at it until every woman &amp girl gets a <span class=""sentiment2"">fair</span> shot at <span class=""sentiment2"">success</span> https//tco/ojasak6img"
"109",2016-01-31,2016-01-01,2,"if you or someone you <span class=""sentiment2"">care</span> about needs affordable health coverage head over to https//tco/a3qpizu4p2 today's the last day to sign up"
"108",2016-01-31,2016-01-01,5,"cedrick way to go on your <span class=""sentiment3"">perfect</span> score how about you come by the next white house science <span class=""sentiment2"">fair</span> https//tco/r8tgijich7"
"107",2016-02-04,2016-02-01,7,"just got <span class=""sentiment3"">great</span> news - nearly 13 million americans signed up this round for private health insurance <span class=""sentiment2"">thanks</span> to the affordable <span class=""sentiment2"">care</span> act"
"106",2016-02-09,2016-02-01,2,"just got off the phone with coach kubiak <span class=""sentiment2"">congrats</span> to peyton von miller and that monster @broncos defense - see you at the white house"
"105",2016-02-11,2016-02-01,1,"way to ace your ap calc test landon you should come <span class=""sentiment-1"">drop</span> some knowledge at the white house science <span class=""sentiment2"">fair</span> https//tco/hfaagxvdee"
"104",2016-02-11,2016-02-01,6,"einstein was right <span class=""sentiment2"">congrats</span> to @nsf and @ligo on detecting gravitational waves - a <span class=""sentiment1"">huge</span> <span class=""sentiment3"">breakthrough</span> in how we understand the universe"
"103",2016-02-13,2016-02-01,2,"got a view yesterday of the lands we <span class=""sentiment1"">protected</span> in ca we owe it to our kids to preserve america's <span class=""sentiment1"">natural</span> beauty https//tco/8or9mrupyg"
"102",2016-02-18,2016-02-01,3,"14 months ago i announced that we would begin normalizing relations with cuba - and we've already made <span class=""sentiment1"">significant</span> <span class=""sentiment2"">progress</span>"
"101",2016-02-18,2016-02-01,0,"our flag flies over our embassy in havana once again more americans are traveling to cuba than at any time in the last 50 years"
"100",2016-02-18,2016-02-01,0,"we still have differences with the cuban government that i will raise directly america will always stand for human rights around the world"
"99",2016-02-18,2016-02-01,4,"next month i'll travel to cuba to advance our <span class=""sentiment2"">progress</span> and efforts that can <span class=""sentiment2"">improve</span> the lives of the cuban people"
"98",2016-02-18,2016-02-01,0,"here's how we're looking at the road ahead https//tco/a0kcsmpf39"
"97",2016-02-22,2016-02-01,0,"we've made <span class=""sentiment1"">big</span> strides in the <span class=""sentiment-1"">fight</span> against malaria - saving millions of lives that's american leadership at work https//tco/jvdee4qktw"
"96",2016-02-26,2016-02-01,8,"isiah i'm so <span class=""sentiment2"">proud</span> of you your kindness and <span class=""sentiment2"">willingness</span> to <span class=""sentiment2"">help</span> others is why i'm so <span class=""sentiment2"">hopeful</span> for our future https//tco/raksnxe7rk"
"95",2016-03-02,2016-03-01,0,"play ball https//tco/s4dhvya4ef"
"94",2016-03-02,2016-03-01,3,"<span class=""sentiment2"">welcome</span> back to earth @stationcdrkelly your year in space is vital to the future of american space travel <span class=""sentiment2"">hope</span> gravity isn't a <span class=""sentiment-1"">drag</span>"
"93",2016-03-08,2016-03-01,11,"<span class=""sentiment3"">happy</span> #internationalwomensday when women are <span class=""sentiment1"">free</span> to pursue their <span class=""sentiment1"">dreams</span> nations are more <span class=""sentiment1"">safe</span> more <span class=""sentiment2"">secure</span> and more <span class=""sentiment3"">prosperous</span>"
"92",2016-03-11,2016-03-01,5,"at #sxsw i'll make the case that tech and <span class=""sentiment1"">innovation</span> can make government work <span class=""sentiment2"">better</span> for everyone here's how it's working <span class=""sentiment2"">better</span> already"
"91",2016-03-11,2016-03-01,1,"we've <span class=""sentiment-1"">cut</span> the time it takes students to apply for financial aid by two-thirds <span class=""sentiment2"">thanks</span> to a simplified fafsa form https//tco/wdd1ursxir"
"90",2016-03-11,2016-03-01,0,"immigrants can now apply online to renew their green cards faster and prep for the citizenship civics test online"
"89",2016-03-11,2016-03-01,0,"nearly 1 in 3 american families <span class=""sentiment-2"">struggle</span> to afford diapers we're working with the private sector to <span class=""sentiment2"">help</span> fix this https//tco/fxvdocfeet"
"88",2016-03-11,2016-03-01,2,"seniors can now apply for social security <span class=""sentiment2"">benefits</span> online https//tco/jpehlknxfk"
"87",2016-03-11,2016-03-01,1,"looking forward to discussing more ways we can modernize government so it's as <span class=""sentiment1"">smart</span> and dynamic as america itself see you soon austin"
"86",2016-03-16,2016-03-01,4,"<span class=""sentiment2"">proud</span> to nominate judge merrick garland to the supreme court i ask senators to meet their constitutional duty and give him a <span class=""sentiment2"">fair</span> hearing"
"85",2016-03-16,2016-03-01,0,"rt @scotusnom meet chief judge merrick garland the president's nominee to the supreme court #scotusnominee https//tco/acujysyydj"
"84",2016-03-17,2016-03-01,7,"a <span class=""sentiment3"">great</span> example of how tech can make our democracy <span class=""sentiment2"">stronger</span> <span class=""sentiment2"">thanks</span> for answering the call to serve https//tco/dfu57cuxo8"
"83",2016-03-20,2016-03-01,0,"¿que bolá cuba just touched down here looking forward to meeting and hearing directly from the cuban people"
"82",2016-03-27,2016-03-01,10,"from my family to yours <span class=""sentiment3"">happy</span> easter and we <span class=""sentiment1"">wish</span> everyone <span class=""sentiment3"">celebrating</span> a blessed and <span class=""sentiment3"">joyful</span> day https//tco/fnvcihsmyb"
"81",2016-03-29,2016-03-01,-1,"rt @rephalrogers <span class=""sentiment2"">honored</span> to have our commander-in-chief @potus @rxsummit to lead this critical discussion about the nation's drug <span class=""sentiment-3"">abuse</span> ep…"
"80",2016-03-29,2016-03-01,2,"<span class=""sentiment2"">thank</span> you for your leadership @rephalrogers this epidemic doesn't discriminate between red or blue so it's up to all of us to do our part"
"79",2016-04-04,2016-04-01,-1,"nobody should have to choose between <span class=""sentiment-3"">losing</span> a paycheck &amp caring for their family i <span class=""sentiment2"">applaud</span> @nygovcuomo for taking a <span class=""sentiment1"">big</span> step on paid <span class=""sentiment-1"">leave</span>"
"78",2016-04-04,2016-04-01,-3,"rt @repjohnlewis 48 yrs ago today my friend my brother dr martin luther king jr was shot and <span class=""sentiment-3"">killed</span> in memphis tn the light of his…"
"77",2016-04-08,2016-04-01,5,"<span class=""sentiment2"">congrats</span> spacex on landing a rocket at sea it's because of innovators <span class=""sentiment2"">like</span> you &amp nasa that america continues to lead in space <span class=""sentiment1"">exploration</span>"
"76",2016-04-12,2016-04-01,1,"<span class=""sentiment2"">proud</span> to designate the belmont-paul national monument for women's equality let's keep up their <span class=""sentiment-1"">fight</span> with #equalpay for women today"
"75",2016-04-14,2016-04-01,4,"<span class=""sentiment1"">big</span> night of basketball - @warriors chasing 73 and a farewell for an
all-timer @kobebryant nba fans <span class=""sentiment1"">feeling</span> <span class=""sentiment2"">like</span> https//tco/hvno2zo5b0"
"74",2016-04-14,2016-04-01,8,"<span class=""sentiment2"">congrats</span> to the @warriors a <span class=""sentiment3"">great</span> group of guys on and off the court if somebody had to break the bulls' record i'm <span class=""sentiment3"">glad</span> it's them"
"73",2016-04-19,2016-04-01,1,"<span class=""sentiment2"">thank</span> you adrianne for being boston <span class=""sentiment2"">strong</span> <span class=""sentiment-3"">terror</span> and bombs can't beat us we carry on we finish the race https//tco/55hmcschbj"
"72",2016-04-22,2016-04-01,2,"today the us joined some 170 nations to sign the paris <span class=""sentiment1"">agreement</span> - an historic step this earth day to <span class=""sentiment1"">protect</span> the one planet we've got"
"71",2016-05-03,2016-05-01,4,"to my 5th grade teacher ms mabel hefty and the educators who <span class=""sentiment2"">inspire</span> our young people every single day <span class=""sentiment2"">thank</span> you https//tco/fz2ij8dabg"
"70",2016-05-16,2016-05-01,5,"today i <span class=""sentiment1"">join</span> all americans in <span class=""sentiment2"">honoring</span> 13 officers who went beyond the call of duty to <span class=""sentiment2"">save</span> the lives of strangers https//tco/oufzq70ovh"
"69",2016-05-30,2016-05-01,1,"this memorial day i <span class=""sentiment2"">hope</span> you'll <span class=""sentiment1"">join</span> me in acts of remembrance the <span class=""sentiment-2"">debt</span> we owe our <span class=""sentiment-2"">fallen</span> <span class=""sentiment2"">heroes</span> is one we can never truly repay"
"68",2016-06-02,2016-06-01,-4,"we cannot <span class=""sentiment1"">accept</span> our level of <span class=""sentiment-1"">gun</span> <span class=""sentiment-3"">violence</span> as the new normal we must take action to <span class=""sentiment-1"">prevent</span> this from happening again &amp again #wearorange"
"67",2016-06-04,2016-06-01,4,"he shook up the world and the world's <span class=""sentiment2"">better</span> for it rest in <span class=""sentiment2"">peace</span> champ https//tco/z1ym3sslh3"
"66",2016-06-06,2016-06-01,2,"rt @flotus together we are <span class=""sentiment2"">stronger</span> together we can change tomorrow stand with us https//tco/kmuwtuxtdb #stateofwomen
https//tco/m…"
"65",2016-06-19,2016-06-01,6,"<span class=""sentiment3"">happy</span> father's day to all the dads out there <span class=""sentiment3"">glad</span> to be spending this one with my family in yosemite https//tco/sanjgmoik1"
"64",2016-06-20,2016-06-01,3,"what a game and what a series for the @cavs <span class=""sentiment3"">happy</span> to see @kingjames bring it home for cleveland"
"63",2016-06-21,2016-06-01,-8,"<span class=""sentiment-1"">gun</span> <span class=""sentiment-3"">violence</span> requires more than moments of silence it requires action in <span class=""sentiment-2"">failing</span> that test the senate <span class=""sentiment-2"">failed</span> the american people"
"62",2016-06-21,2016-06-01,0,"by giving him its highest rating the american bar association confirms what we all know judge garland should serve on the supreme court"
"61",2016-06-22,2016-06-01,-2,"<span class=""sentiment2"">thank</span> you john lewis for leading on <span class=""sentiment-1"">gun</span> <span class=""sentiment-3"">violence</span> where we need it most https//tco/vctfqah5wt"
"60",2016-06-27,2016-06-01,3,"every woman has a constitutional right to make her own reproductive choices i'm <span class=""sentiment3"">pleased</span> to see the supreme court reaffirm that fact today"
"59",2016-06-27,2016-06-01,6,"women’s <span class=""sentiment2"">opportunities</span> are expanded and our nation is <span class=""sentiment2"">stronger</span> when all of our citizens have accessible affordable health <span class=""sentiment2"">care</span>"
"58",2016-06-30,2016-06-01,5,"until next time justin <span class=""sentiment3"">good</span> to know that canada and the world will <span class=""sentiment2"">benefit</span> from your leadership for years to come https//tco/t10g64niul"
"57",2016-06-30,2016-06-01,0,"<span class=""sentiment2"">proud</span> to sign laws to <span class=""sentiment2"">improve</span> transparency and <span class=""sentiment-1"">avert</span> a <span class=""sentiment-3"">crisis</span> in puerto rico i'd hoped to use my pen more often before congress left town"
"56",2016-06-30,2016-06-01,1,"congress is leaving a hefty to-do list undone health officials still need <span class=""sentiment-2"">emergency</span> funding to <span class=""sentiment2"">effectively</span> <span class=""sentiment1"">protect</span> americans from zika"
"55",2016-06-30,2016-06-01,0,"after more than 100 days the supreme court still needs its 9th judge but the senate gop refuses to do its job and consider judge garland"
"54",2016-06-30,2016-06-01,2,"americans still need and are asking congress to pass commonsense <span class=""sentiment-1"">gun</span> laws that <span class=""sentiment2"">strengthen</span> background checks and keep our communities <span class=""sentiment1"">safe</span>"
"53",2016-06-30,2016-06-01,5,"the list goes on when members return i <span class=""sentiment2"">hope</span> they'll <span class=""sentiment1"">share</span> my <span class=""sentiment2"">commitment</span> to work together to do what must be done https//tco/l8nchcxpml"
"52",2016-06-30,2016-06-01,4,"rt @marchofdimes 2016 nat'l amb ismael was <span class=""sentiment2"">honored</span> to meet @potus today &amp talk about the need to <span class=""sentiment2"">help</span> babies &amp #zapzika https//tco/zzw…"
"51",2016-07-02,2016-07-01,3,"elie wiesel was a <span class=""sentiment3"">great</span> moral voice of our time and a conscience for our world he was also a <span class=""sentiment2"">dear</span> friend we will <span class=""sentiment-2"">miss</span> him deeply"
"50",2016-07-04,2016-07-01,7,"<span class=""sentiment3"">happy</span> fourth of july everybody and to our <span class=""sentiment2"">brave</span> men and women in uniform on this day and every day we <span class=""sentiment2"">thank</span> you"
"49",2016-07-05,2016-07-01,2,"incredible after a 5-year journey we're up close and personal with our solar system's largest planet <span class=""sentiment2"">welcome</span> to jupiter @nasajuno"
"48",2016-07-14,2016-07-01,2,"<span class=""sentiment2"">congrats</span> carla hayden our newest librarian of congress her confirmation is certainly one for the history books https//tco/5t8rvsrp9e"
"47",2016-07-18,2016-07-01,1,"44 men came home because chuck kettles believed that we <span class=""sentiment-1"">leave</span> <span class=""sentiment-1"">no</span> man behind that's america at our <span class=""sentiment3"">best</span> https//tco/uymo2aarhg"
"46",2016-07-20,2016-07-01,1,"this map says it all stay <span class=""sentiment1"">safe</span> as it heats up drink water stay out of the sun and check on your neighbors https//tco/c1qftmq2iv"
"45",2016-07-22,2016-07-01,2,"¡bienvenido amigo we value our enduring partnership with mexico &amp will work to <span class=""sentiment2"">strengthen</span> it in the years to come https//tco/mjlabsm7jf"
"44",2016-07-26,2016-07-01,5,"incredible speech by an incredible woman couldn't be more <span class=""sentiment2"">proud</span> &amp our country has been blessed to have her as flotus i <span class=""sentiment3"">love</span> you michelle"
"43",2016-07-29,2016-07-01,3,"<span class=""sentiment3"">great</span> speech she's tested she's ready she never quits that's why hillary should be our next @potus she'll get the twitter handle too"
"42",2016-08-05,2016-08-01,2,"longest streak of total job <span class=""sentiment2"">growth</span> on record wages rising at fastest pace in 7 years we've come a long way america—let's keep it going"
"41",2016-08-05,2016-08-01,2,"ready to root on #teamusa our team's unity and diversity makes us so <span class=""sentiment2"">proud</span> - and reminds the world why america sets the gold standard"
"40",2016-08-05,2016-08-01,0,"tonight the first-ever #teamrefugees will also stand before the world and prove that you can succeed <span class=""sentiment-1"">no</span> <span class=""sentiment1"">matter</span> where you're from"
"39",2016-08-06,2016-08-01,1,"the <span class=""sentiment-2"">struggle</span> for the voting rights act taught us that people who <span class=""sentiment3"">love</span> this country can change it don't give away your power - go vote"
"38",2016-08-11,2016-08-01,-1,"been waiting to <span class=""sentiment-1"">drop</span> this summer playlist the encore what's everybody listening to https//tco/mqh1yvrycj"
"37",2016-08-14,2016-08-01,4,"final <span class=""sentiment4"">win</span> for phelps world record for ledecky 3 #1 finishes for biles that's how #teamusa gets america to 1000 golds-way to make history"
"36",2016-08-22,2016-08-01,2,"couldn't be prouder of #teamusa your determination and passion <span class=""sentiment2"">inspired</span> so many of us you carried that flag high tonight @simone_biles"
"35",2016-08-25,2016-08-01,0,"felicitaciones @juanmansantos and colombia after decades of <span class=""sentiment-2"">war</span> we stand with you in building a future of <span class=""sentiment2"">peace</span> https//tco/haxjaqgs9f"
"34",2016-08-25,2016-08-01,6,"100 years and going <span class=""sentiment2"">strong</span> <span class=""sentiment2"">thanks</span> @natlparkservice for your service so our kids <span class=""sentiment2"">enjoy</span> our parks as much as we have https//tco/1v3w2hld6f"
"33",2016-08-26,2016-08-01,-1,"nearly 100 years ago women <span class=""sentiment-1"">broke</span> down barriers to the ballot box moving us closer to a more equal nation let's finish what they started"
"32",2016-08-29,2016-08-01,4,"<span class=""sentiment2"">congratulations</span> to maine-endwell little league world series champs and still undefeated <span class=""sentiment2"">proud</span> of you and the sportsmanship you showed"
"31",2016-08-29,2016-08-01,4,"<span class=""sentiment2"">congrats</span> to nasa and the scientists taking us a step closer to mars now <span class=""sentiment2"">enjoy</span> hawaii and get a shave ice https//tco/lfzjsnn38x"
"30",2016-09-05,2016-09-01,2,"<span class=""sentiment3"">happy</span> labor day - longest streak of job <span class=""sentiment2"">growth</span> ever <span class=""sentiment-2"">unemployment</span> <span class=""sentiment-1"">cut</span> in half that's what hardworking americans can do let's keep going"
"29",2016-09-06,2016-09-01,2,"sabaidii laos <span class=""sentiment2"">honored</span> to be the first us president to visit laos and to begin a new partnership between our countries"
"28",2016-09-24,2016-09-01,8,"<span class=""sentiment2"">proud</span> to <span class=""sentiment2"">help</span> open @nmaahc with so many <span class=""sentiment2"">heroes</span> african american history is a central part of our <span class=""sentiment2"">glorious</span> american history"
"27",2016-09-26,2016-09-01,4,"here's to the king who was as extraordinary on the links as he was <span class=""sentiment2"">generous</span> to others <span class=""sentiment2"">thanks</span> for the memories arnold https//tco/ulyfpibol2"
"26",2016-09-26,2016-09-01,-1,"rt @nytnational census data shows 35 million americans were able to raise their chins above the <span class=""sentiment-1"">poverty</span> line last year https//tco/fer5e…"
"25",2016-09-27,2016-09-01,3,"democracy is not a spectator sport don't give up your power to shape the future of the country we <span class=""sentiment3"">love</span> vote https//tco/suxb8tlc5r"
"24",2016-09-27,2016-09-01,3,"couldn't be more <span class=""sentiment2"">proud</span> of @hillaryclinton her <span class=""sentiment1"">vision</span> and command during last night's debate showed that she's ready to be our next @potus"
"23",2016-09-29,2016-09-01,2,"our olympians and paralympians show the world that <span class=""sentiment-1"">no</span> <span class=""sentiment1"">matter</span> what with perseverance we can do incredible things <span class=""sentiment2"">proud</span> of you #teamusa"
"22",2016-10-01,2016-10-01,1,"paid <span class=""sentiment-1"">leave</span> shouldn't be a luxury it's a basic necessity that we should <span class=""sentiment2"">secure</span> for every working american https//tco/opeqivpjlk"
"21",2016-10-02,2016-10-01,3,"gandhiji believed in a world <span class=""sentiment2"">worthy</span> of our children in joining the paris <span class=""sentiment1"">agreement</span> @narendramodi &amp the indian people carry on that legacy"
"20",2016-10-03,2016-10-01,8,"what a <span class=""sentiment4"">win</span> by the usa in #rydercup <span class=""sentiment2"">proud</span> to see our guys bring the trophy back home arnie is <span class=""sentiment2"">smiling</span> down"
"19",2016-10-03,2016-10-01,0,"bringing a little austin to the south lawn today https//tco/qcxwvi0ulh https//tco/ntb10i3ghp"
"18",2016-10-05,2016-10-01,3,"<span class=""sentiment2"">thank</span> you to every nation that moved to bring the paris <span class=""sentiment1"">agreement</span> into force history will judge today as a turning point for our planet"
"17",2016-10-06,2016-10-01,2,"hurricane matthew is as serious as it gets listen to local officials prepare take <span class=""sentiment2"">care</span> of each other https//tco/vaf8xubs0s"
"16",2016-10-07,2016-10-01,0,"voted early today make sure you vote too https//tco/suumuadshj https//tco/nmesnhwsag"
"15",2016-10-10,2016-10-01,2,"just <span class=""sentiment2"">like</span> michelle says when they go low we go high @hillaryclinton went high and showed why she'll be a potus for all americans"
"14",2016-10-11,2016-10-01,2,"on international #dayofthegirl we remain <span class=""sentiment1"">committed</span> to providing what we all <span class=""sentiment1"">want</span> for our daughters a future of limitless possibility"
"13",2016-10-12,2016-10-01,6,"now this was <span class=""sentiment4"">fun</span> artificial intelligence space travel—hope you <span class=""sentiment2"">enjoy</span> exploring new frontiers as much as i did https//tco/wwbum5ej08"
"12",2016-10-13,2016-10-01,4,"<span class=""sentiment2"">congratulations</span> to one of my <span class=""sentiment2"">favorite</span> poets bob dylan on a well-deserved nobel https//tco/c9cnanwpcs"
"11",2016-10-14,2016-10-01,0,"<span class=""sentiment1"">clearly</span> we still have more to do to <span class=""sentiment-1"">prevent</span> sexual assault and the thinking that leads to it that starts with us https//tco/9przb451fs"
"10",2016-10-16,2016-10-01,0,"for a century planned parenthood has made it possible for women to determine their own lives here's to another #100yearsstrong"
"9",2016-10-17,2016-10-01,3,"for the <span class=""sentiment3"">loved</span> ones we've <span class=""sentiment-3"">lost</span> and the ones we can still <span class=""sentiment2"">save</span> <span class=""sentiment2"">thank</span> you joe for putting us on the path to ending <span class=""sentiment-1"">cancer</span> as we know it https//tco/o0twpycrsc"
"8",2016-10-20,2016-10-01,6,"<span class=""sentiment5"">outstanding</span> 3 for 3 debate sweep for @hillaryclinton nobody has ever been more <span class=""sentiment1"">prepared</span> to be @potus"
"7",2016-10-21,2016-10-01,-1,"rt @vj44 we lit the @whitehouse pink tonight to commemorate breast <span class=""sentiment-1"">cancer</span> awareness month make sure to enroll in #aca starting nov 1 htt…"
"6",2016-10-21,2016-10-01,4,"check out my newest science advisors these kids are <span class=""sentiment2"">fearless</span> in using science to tackle our toughest <span class=""sentiment-2"">problems</span> <span class=""sentiment2"">thanks</span> for the <span class=""sentiment2"">inspiration</span> https//tco/qe7h3ifttz"
"5",2016-10-23,2016-10-01,6,"i'll say it holy cow @cubs fans even this white sox <span class=""sentiment3"">fan</span> was <span class=""sentiment3"">happy</span> to see wrigley rocking last night #flythew"
"4",2016-11-03,2016-11-01,4,"it happened @cubs <span class=""sentiment4"">win</span> world series that's change even this south sider can believe in <span class=""sentiment1"">want</span> to come to the white house before i <span class=""sentiment-1"">leave</span>"
"3",2016-11-03,2016-11-01,3,"it's <span class=""sentiment1"">pretty</span> simple find a plan get covered earn some <span class=""sentiment2"">peace</span> of mind start today https//tco/pj7xikp3vo https//tco/zbqdnz8s80"
"2",2016-11-08,2016-11-01,2,"today <span class=""sentiment2"">progress</span> is on the ballot go vote - then make sure your friends your family and everyone you know votes too"
"1",2016-11-11,2016-11-01,8,"today we <span class=""sentiment2"">honor</span> those who <span class=""sentiment2"">honored</span> our country with its highest form of service we owe our veterans our <span class=""sentiment2"">thanks</span> our respect and our <span class=""sentiment2"">freedom</span>"
